Family,Genus,Name of prot,Position,Peptide mass,Peptide seq
Cervidae,Alces,Alces alces COL1A1 predicted protein,917,743.3562160628401,GETGPAGR
Cervidae,Alces,Alces alces COL1A1 predicted protein,933,1415.70449321259,AGEVGPPGPPGPAGEK
Bovidae,Bos,Bos taurus COL1A1 prot,446,4865.60209430341,GANVSILQVSEPPPVPAFHLPLPSSPGLNLFGLPQGAPGIAGAPGFPGAR
Bovidae,Capra,Capra ibex COL1A1 predicted protein,114,3035.26819813522,VPTDECCPVCPEGQESTTDQETTGVEGPK
Bovidae,Capra,Capra ibex COL1A1 predicted protein,1032,614.3023895848,DGAPGAK
Bovidae,Capra,Capra ibex COL1A1 predicted protein,1269,915.37312943034,MCHPDWK
Bovidae,Capra,Capra ibex COL1A1 predicted protein,1463,2946.4724983768497,LPIIDVAPLDVGAPDQEFGFDIGSVCFL
Hyaenidae,Crocuta,Crocuta crocuta COL1A1 predicted protein,110,3391.4213619896595,NCPGAHVPPGECCPVCPDGEASPTGQETTGAEGPK
Hyaenidae,Crocuta,Crocuta crocuta COL1A1 predicted protein,906,330.20155334284,GVR
Hyaenidae,Crocuta,Crocuta crocuta COL1A1 predicted protein,990,2251.12330953327,GFPGLPGPSVNTTAVAPSGPSGER
Hyaenidae,Crocuta,Crocuta crocuta COL1A1 predicted protein,1101,917.38388736293,GEAGEQGDR
Hyaenidae,Crocuta,Crocuta crocuta COL1A1 predicted protein,1352,3760.7103902086697,HVWYGESMTDGSQFEYGGQGSDPADVAIQLTFLR
Hyaenidae,Crocuta,Crocuta crocuta COL1A1 predicted protein,1460,2928.4619336928195,LPIIDVAPLDIGAPDQEFGFDVGPACFL
Rhinocerotidae,Dicerorhinus,Dicerorhinus sumatrensis COL1A1 predicted protein,27,1988.14186015076,LLLLLAAAALLTHGQEEGR
Rhinocerotidae,Dicerorhinus,Dicerorhinus sumatrensis COL1A1 predicted protein,42,1656.81412049093,EEDIPAVTCIQNGLR
Rhinocerotidae,Dicerorhinus,Dicerorhinus sumatrensis COL1A1 predicted protein,1312,782.39628997156,TWYVSK
Hominidae,Homo,Homo sapiens COL1A1 prot X1,46,4054.10449535283,LLLLLAATALLTHGQEEGQVEGQDEDIPPITCVQNGLR
Hominidae,Homo,Homo sapiens COL1A1 prot X1,67,850.36770969728,ICVCDNGK
Hominidae,Homo,Homo sapiens COL1A1 prot X1,79,1351.5999540343198,VLCDDVICDETK
Hominidae,Homo,Homo sapiens COL1A1 prot X1,114,3517.4265665111698,NCPGAEVPEGECCPVCPDGSESPTDQETTGVEGPK
Hominidae,Homo,Homo sapiens COL1A1 prot X1,331,1827.89760712826,GRPGAPGPAGNPGADGQPGAK
Hominidae,Homo,Homo sapiens COL1A1 prot X1,364,1285.64149903158,GPSGPQGPGGPPGPK
Hominidae,Homo,Homo sapiens COL1A1 prot X1,402,1814.87989137748,GEPGPVGVQGPPGPAGEEGK
Hominidae,Homo,Homo sapiens COL1A1 prot X1,796,2232.12872926633,GDAGPPGPAGPAGPPGPIGNVGAPGAK
Hominidae,Homo,Homo sapiens COL1A1 prot X1,1290,3804.75186109845,HVWFGESMTDGFQFEYGGQGSDPADVAIQLTFLR
Hominidae,Homo,Homo sapiens COL1A1 prot X1,1358,2015.90472640149,FTYSVTVDGCTSHTGAWGK
Elephantidae,Loxondonta,Loxodonta africana COL1A1 prot,8,1013.5004379462999,MFSFVDIR
Elephantidae,Loxondonta,Loxodonta africana COL1A1 prot,42,3616.87706161413,LLLLLAATALLTHGQEEGQDEDIPSVTCVQNGLR
Elephantidae,Loxondonta,Loxodonta africana COL1A1 prot,75,2187.8614845837,ICVCDNGNVLCDDVMCDETK
Elephantidae,Loxondonta,Loxodonta africana COL1A1 prot,81,617.25914504737,DCPGAR
Elephantidae,Loxondonta,Loxodonta africana COL1A1 prot,421,1273.64149903158,GPAGPQGPSGAPGPK
Elephantidae,Loxondonta,Loxodonta africana COL1A1 prot,459,1828.8955414419402,GEPGPVGIQGPPGPAGEEGK
Elephantidae,Loxondonta,Loxodonta africana COL1A1 prot,603,1133.61930703509,GVPGPPGAVGAAGK
Elephantidae,Loxondonta,Loxodonta africana COL1A1 prot,754,443.21284630267,DGPR
Elephantidae,Loxondonta,Loxodonta africana COL1A1 prot,853,2262.1392939503603,GDAGPPGPAGPTGAPGPIGNVGAPGPK
Elephantidae,Loxondonta,Loxodonta africana COL1A1 prot,949,2057.98787868619,GSPGADGPAGAPGTPGPQGIGGQR
Elephantidae,Loxondonta,Loxodonta africana COL1A1 prot,1005,1723.86418174248,GPPGPAGPPGLAGPPGESGR
Elephantidae,Loxondonta,Loxodonta africana COL1A1 prot,1075,1517.7586540432599,GETGPAGPAGPAGPAGVR
Elephantidae,Loxondonta,Loxodonta africana COL1A1 prot,1099,316.21105539843995,GLK
Elephantidae,Loxondonta,Loxodonta africana COL1A1 prot,1199,3646.77324799202,TGDAGPVGPPGPPGPPGPPGPPSGAFDFSFLPQPPQEK
Elephantidae,Loxondonta,Loxodonta africana COL1A1 prot,1415,2075.8894702601997,FTYSVTEDGCTSHTGTWGK
Elephantidae,Loxondonta,Loxodonta africana COL1A1 prot,1455,2956.49323382174,LPIIDVAPLDVGAPDQEFGFDIGPVCFL
Mustelidae,Lutra,Lutra lutra COL1A1 predicted protein,110,3411.4363433488597,SCPGAQVPPGECCPVCPDGEASPTDQETAGVEGPK
Sciuridae,Marmota,Marmota marmota marmota COL1A1 prot X1,46,3986.04189509499,LLLLLAATALLTHGQTEGEVNDQEGDIPGVDCIQNGLR
Sciuridae,Marmota,Marmota marmota marmota COL1A1 prot X1,54,868.41915067331,AHNDVWK
Sciuridae,Marmota,Marmota marmota marmota COL1A1 prot X1,80,2817.17227128171,PTPCQICLCHNGEVMCDEVVCPNDAK
Sciuridae,Marmota,Marmota marmota marmota COL1A1 prot X1,114,3352.4356150730596,CPGGQIPPGECCPVCPDDAASPTDQDLTGVEGPK
Sciuridae,Marmota,Marmota marmota marmota COL1A1 prot X1,170,3744.75186109845,DGIPGNPGLPGPPGPPGPPGPPGLGGNFASQMSYGYDEK
Sciuridae,Marmota,Marmota marmota marmota COL1A1 prot X1,1207,3650.7140190375,TGDAGPVGPPGPPGPPGPPGPPSGGFDFSFMPQPPQEK
Sciuridae,Marmota,Marmota marmota marmota COL1A1 prot X1,1212,474.2186599589,AGDGR
Sciuridae,Marmota,Marmota marmota marmota COL1A1 prot X1,1308,2445.10145460905,VFCNMETGETCVYPTQPTVAQK
Sciuridae,Marmota,Marmota marmota marmota COL1A1 prot X1,1317,1174.55195574945,NWYISNNHK
Sciuridae,Marmota,Marmota marmota marmota COL1A1 prot X1,1354,3777.7409620617896,HVWFGESMTGGFQFEYGSEGSDPADVAIQLTFLR
Sciuridae,Marmota,Marmota marmota marmota COL1A1 prot X1,1422,2093.9152910855196,FTYSTIYDGCTSHTGAWGK
Sciuridae,Marmota,Marmota marmota marmota COL1A1 prot X1,1462,2912.4340048672198,LPIIDVAPLDIGAPDQEFGMDIGPACFV
Mustelidae,Mustela,Mustela putorius furo COL1A1 prot X1,110,3438.44724238552,NCPGAQVPPGECCPVCPDGEASPTDQETAGVEGPK
Odobenidae,Odobenus,Odobenus rosmarus divergens COL1A1 prot,21,1414.8911717871401,LLLFLAATALLTR
Odobenidae,Odobenus,Odobenus rosmarus divergens COL1A1 prot,42,2297.05938912149,GQEEGQEEDIPPVTCVQNGLR
Odobenidae,Odobenus,Odobenus rosmarus divergens COL1A1 prot,357,871.41479356868,GETGPQGAR
Odobenidae,Odobenus,Odobenus rosmarus divergens COL1A1 prot,438,1113.50506512661,GNSGEPGTPGNK
Odobenidae,Odobenus,Odobenus rosmarus divergens COL1A1 prot,858,2278.13420856993,GDAGPPGPAGPTGPPGSIGNVGAPGPK
Leporidae,Oryctolagus,Oryctolagus cuniculus COL1A1 prot,46,3998.07828060434,LLLLLAATALLTHGQEEGQVEGQSEDIPPVTCVQNGVR
Leporidae,Oryctolagus,Oryctolagus cuniculus COL1A1 prot,49,332.20597001801,SVK
Leporidae,Oryctolagus,Oryctolagus cuniculus COL1A1 prot,52,372.21211802687003,TPR
Leporidae,Oryctolagus,Oryctolagus cuniculus COL1A1 prot,57,542.31764572609,TVPAR
Leporidae,Oryctolagus,Oryctolagus cuniculus COL1A1 prot,70,1101.54884469128,CSPASAALSAPK
Leporidae,Oryctolagus,Oryctolagus cuniculus COL1A1 prot,72,275.15935417726,TR
Leporidae,Oryctolagus,Oryctolagus cuniculus COL1A1 prot,87,1623.73764381628,EHPTDQETTGVEGPK
Leporidae,Oryctolagus,Oryctolagus cuniculus COL1A1 prot,192,3019.42465374622,GLPGPPGSPGPQGFQGPPGEPGEPGASGPMGPR
Leporidae,Oryctolagus,Oryctolagus cuniculus COL1A1 prot,200,679.36532419527,GPPGAPGK
Leporidae,Oryctolagus,Oryctolagus cuniculus COL1A1 prot,834,2232.12872926633,GDAGPAGPAGPAGPPGPIGNVGAPGPK
Leporidae,Oryctolagus,Oryctolagus cuniculus COL1A1 prot,854,1452.7109755740798,GSPGPPGATGFPGAAGR
Leporidae,Oryctolagus,Oryctolagus cuniculus COL1A1 prot,1179,3529.69764069724,TGDAGPVGPPGPPGPPGPPGPPSGGFDFIMPQPPQEK
Leporidae,Oryctolagus,Oryctolagus cuniculus COL1A1 prot,1185,531.2401236795899,AGDGGR
Leporidae,Oryctolagus,Oryctolagus cuniculus COL1A1 prot,1217,1158.62445198606,SLSQQIENIK
Leporidae,Oryctolagus,Oryctolagus cuniculus COL1A1 prot,1281,2374.0643408239002,VFCDMDTGATCVYPTQPSIAQK
Leporidae,Oryctolagus,Oryctolagus cuniculus COL1A1 prot,1327,3835.7464413653897,HVWFGESMTDGFQFEYGSEGSDPADVAIQLTFLR
Leporidae,Oryctolagus,Oryctolagus cuniculus COL1A1 prot,1395,2109.95782460373,FTYTVLHDGCTSHTGTWGK
Leporidae,Oryctolagus,Oryctolagus cuniculus COL1A1 prot,1399,459.30568406099997,TVIK
Leporidae,Oryctolagus,Oryctolagus cuniculus COL1A1 prot,1401,309.16885623286,YK
Leporidae,Oryctolagus,Oryctolagus cuniculus COL1A1 prot,1456,5265.77292485853,LPIIDVAPLDIGAPDQEFGFDVWPCLLPVNALLPDLAPSHPPPPPLHPR
Leporidae,Oryctolagus,Oryctolagus cuniculus COL1A1 prot,1458,288.15460314946,NR
Leporidae,Oryctolagus,Oryctolagus cuniculus COL1A1 prot,1469,1129.56151737559,QTTQTETPPK
Leporidae,Oryctolagus,Oryctolagus cuniculus COL1A1 prot,1475,696.36672117633,RPPDGR
Leporidae,Oryctolagus,Oryctolagus cuniculus COL1A1 prot,1493,2101.06327547583,QFHTDFGDLFLPLHSSLK
Leporidae,Oryctolagus,Oryctolagus cuniculus COL1A1 prot,1498,641.34246349352,LSFYL
Cervidae,Rangifer,Rangifer tarandus COL1A1 predicted protein,1207,3556.7262977986397,TGDAGPAGPPGPPGPPGPPGPPSGGYDLGFLPQPPQEK
Suidae,Sus,Sus scrofa COL1A1 prot X1,49,4397.21729325988,LLLLLAATALLTHGQEEGQEEGQQGQEEDIPPVTCVQNGLR
Suidae,Sus,Sus scrofa COL1A1 prot X1,82,2706.18315306179,PVPCQICVCDNGNVLCDDVICDEIK
Suidae,Sus,Sus scrofa COL1A1 prot X1,88,646.2856941484899,NCPSAR
Suidae,Sus,Sus scrofa COL1A1 prot X1,117,2914.26707593625,VPAGECCPVCPEGEVSPTDQETTGVEGPK
Suidae,Sus,Sus scrofa COL1A1 prot X1,134,723.3663868236999,GPSGPPGR
Suidae,Sus,Sus scrofa COL1A1 prot X1,324,1088.58392458363,GRPGPPGPAGAR
Suidae,Sus,Sus scrofa COL1A1 prot X1,1064,2106.0494163156,GESGPAGPPGAPGAPGAPGPVGPAGK
Suidae,Sus,Sus scrofa COL1A1 prot X1,1312,2457.10145460905,VFCNMETGETCVYPTQPSVPQK
Suidae,Sus,Sus scrofa COL1A1 prot X1,1426,2091.93602653041,FTYSVIYDGCTSHTGAWGK
Suidae,Sus,Sus scrofa COL1A1 prot X1,1466,2952.51944857023,LPIIDVAPLDVGAPDQEFGIDLSPVCFL
Ursidae,Ursus,Ursus arctos horribilis COL1A1 prot X1,1461,2940.4653049961403,LPIIDVAPLDIGAPDQEFGMDVGPVCFL
Canidae,Vulpes,Vulpes lagopus COL1A1 predicted protein,1089,851.46134983889,GPAGPQGLR

"Les s√©quences suivantes n'ont pas de peptide unique : Bison bison bison COL1A1 prot,Canis lupus dingo COL1A1 prot,Capreolus capreolus COL1A1 predicted protein,Ceratotherium simum simum COL1A1 prot,Cervus elaphus COL1A1 predicted protein,Diceros bicornis COL1A1 predicted protein,Equus asinus COL1A1 prot X1,Equus caballus COL1A1 prot,Felis catus COL1A1 prot X1,Panthera pardus COL1A1 prot X1,Ursus thibetanus thibetanus COL1A1 predicted protein,Vulpes vulpes COL1A1 prot"
